provinces_city_map,cities_english,cities_french,provinces_english,provinces_french,CWEC2020.zip
1,ABBOTSFORD,ABBOTSFORD,BRITISH COLUMBIA,COLOMBIE-BRITANNIQUE,CAN_BC_Abbotsford.AP.711080_CWEC2020.zip
1,AGASSIZ,AGASSIZ,BRITISH COLUMBIA,COLOMBIE-BRITANNIQUE,CAN_BC_Agassiz.RCS.711130_CWEC2020.zip
1,BLUE RIVER,BLUE RIVER,BRITISH COLUMBIA,COLOMBIE-BRITANNIQUE,CAN_BC_Blue.River.CS.718830_CWEC2020.zip
1,BONILLA ISLAND,BONILLA ISLAND,BRITISH COLUMBIA,COLOMBIE-BRITANNIQUE,CAN_BC_Bonilla.Island.AUT.714840_CWEC2020.zip
1,BURNS LAKE,BURNS LAKE,BRITISH COLUMBIA,COLOMBIE-BRITANNIQUE,CAN_BC_Burns.Lake.Decker.Lake.719520_CWEC2020.zip
1,CAPE ST JAMES,CAPE ST JAMES,BRITISH COLUMBIA,COLOMBIE-BRITANNIQUE,CAN_BC_Cape.St.James.711070_CWEC2020.zip
1,CATHEDRAL POINT,CATHEDRAL POINT,BRITISH COLUMBIA,COLOMBIE-BRITANNIQUE,CAN_BC_Cathedral.Point.AUT.714820_CWEC2020.zip
1,COMOX,COMOX,BRITISH COLUMBIA,COLOMBIE-BRITANNIQUE,CAN_BC_Comox.AP.718930_CWEC2020.zip
1,CRANBROOK,CRANBROOK,BRITISH COLUMBIA,COLOMBIE-BRITANNIQUE,CAN_BC_Cranbrook.AP.718800_CWEC2020.zip
1,CRESTON CAMPBELL SCIENTIFIC,CRESTON CAMPBELL SCIENTIFIC,BRITISH COLUMBIA,COLOMBIE-BRITANNIQUE,CAN_BC_Creston.Campbell.Scientific.717700_CWEC2020.zip
1,CUMSHEWA ISLAND,CUMSHEWA ISLAND,BRITISH COLUMBIA,COLOMBIE-BRITANNIQUE,CAN_BC_Cumshewa.Island.717710_CWEC2020.zip
1,DAWSON CREEK,DAWSON CREEK,BRITISH COLUMBIA,COLOMBIE-BRITANNIQUE,CAN_BC_Dawson.Creek.AP.714710_CWEC2020.zip
1,DEASE LAKE,DEASE LAKE,BRITISH COLUMBIA,COLOMBIE-BRITANNIQUE,CAN_BC_Dease.Lake.AUT.712220_CWEC2020.zip
1,ENTRANCE ISLAND,ENTRANCE ISLAND,BRITISH COLUMBIA,COLOMBIE-BRITANNIQUE,CAN_BC_Entrance.Island.717720_CWEC2020.zip
1,ESQUIMALT HARBOUR,ESQUIMALT HARBOUR,BRITISH COLUMBIA,COLOMBIE-BRITANNIQUE,CAN_BC_Esquimalt.Harbour.717980_CWEC2020.zip
1,ESTEVAN POINT,ESTEVAN POINT,BRITISH COLUMBIA,COLOMBIE-BRITANNIQUE,CAN_BC_Estevan.Point.CS.718940_CWEC2020.zip
1,FORT NELSON,FORT NELSON,BRITISH COLUMBIA,COLOMBIE-BRITANNIQUE,CAN_BC_Fort.Nelson.AP.719450_CWEC2020.zip
1,FORT ST JOHN,FORT ST JOHN,BRITISH COLUMBIA,COLOMBIE-BRITANNIQUE,CAN_BC_Fort.St.John.AP.719430_CWEC2020.zip
1,GREY ISLET,GREY ISLET,BRITISH COLUMBIA,COLOMBIE-BRITANNIQUE,CAN_BC_Grey.Islet.AUT.714760_CWEC2020.zip
1,HERBERT ISLAND,HERBERT ISLAND,BRITISH COLUMBIA,COLOMBIE-BRITANNIQUE,CAN_BC_Herbert.Island.AUT.714850_CWEC2020.zip
1,HOWE SOUND - PAM ROCKS,HOWE SOUND - PAM ROCKS,BRITISH COLUMBIA,COLOMBIE-BRITANNIQUE,CAN_BC_Howe.Sound.Pam.Rocks.712110_CWEC2020.zip
1,KAMLOOPS,KAMLOOPS,BRITISH COLUMBIA,COLOMBIE-BRITANNIQUE,CAN_BC_Kamloops.AP.718870_CWEC2020.zip
1,KELOWNA,KELOWNA,BRITISH COLUMBIA,COLOMBIE-BRITANNIQUE,CAN_BC_Kelowna.712030_CWEC2020.zip
1,KINDAKUN ROCKS,KINDAKUN ROCKS,BRITISH COLUMBIA,COLOMBIE-BRITANNIQUE,CAN_BC_Kindakun.Rocks.AUT.714720_CWEC2020.zip
1,LILLOOET,LILLOOET,BRITISH COLUMBIA,COLOMBIE-BRITANNIQUE,CAN_BC_Lillooet.719990_CWEC2020.zip
1,LYTTON,LYTTON,BRITISH COLUMBIA,COLOMBIE-BRITANNIQUE,CAN_BC_Lytton.RCS.717650_CWEC2020.zip
1,MACKENZIE,MACKENZIE,BRITISH COLUMBIA,COLOMBIE-BRITANNIQUE,CAN_BC_Mackenzie.712900_CWEC2020.zip
1,MALAHAT,MALAHAT,BRITISH COLUMBIA,COLOMBIE-BRITANNIQUE,CAN_BC_Malahat.717740_CWEC2020.zip
1,NAKUSP,NAKUSP,BRITISH COLUMBIA,COLOMBIE-BRITANNIQUE,CAN_BC_Nakusp.CS.712160_CWEC2020.zip
1,NELSON,NELSON,BRITISH COLUMBIA,COLOMBIE-BRITANNIQUE,CAN_BC_Nelson.CS.717760_CWEC2020.zip
1,OSOYOOS,OSOYOOS,BRITISH COLUMBIA,COLOMBIE-BRITANNIQUE,CAN_BC_Osoyoos.CS.712150_CWEC2020.zip
1,PEMBERTON AIRPORT,PEMBERTON AIRPORT,BRITISH COLUMBIA,COLOMBIE-BRITANNIQUE,CAN_BC_Pemberton.Airport.CS.717770_CWEC2020.zip
1,PENTICTON,PENTICTON,BRITISH COLUMBIA,COLOMBIE-BRITANNIQUE,CAN_BC_Penticton.AP.718890_CWEC2020.zip
1,PITT MEADOWS,PITT MEADOWS,BRITISH COLUMBIA,COLOMBIE-BRITANNIQUE,CAN_BC_Pitt.Meadows.CS.717750_CWEC2020.zip
1,POINT ATKINSON,POINT ATKINSON,BRITISH COLUMBIA,COLOMBIE-BRITANNIQUE,CAN_BC_Point.Atkinson.710370_CWEC2020.zip
1,PORT HARDY,PORT HARDY,BRITISH COLUMBIA,COLOMBIE-BRITANNIQUE,CAN_BC_Port.Hardy.AP.711090_CWEC2020.zip
1,PRINCE GEORGE,PRINCE GEORGE,BRITISH COLUMBIA,COLOMBIE-BRITANNIQUE,CAN_BC_Prince.George.718960_CWEC2020.zip
1,PRINCE RUPERT,PRINCE RUPERT,BRITISH COLUMBIA,COLOMBIE-BRITANNIQUE,CAN_BC_Prince.Rupert.710220_CWEC2020.zip
1,PRINCETON,PRINCETON,BRITISH COLUMBIA,COLOMBIE-BRITANNIQUE,CAN_BC_Princeton.CS.710320_CWEC2020.zip
1,PUNTZI MOUNTAIN,PUNTZI MOUNTAIN,BRITISH COLUMBIA,COLOMBIE-BRITANNIQUE,CAN_BC_Puntzi.Mountain.AUT.710500_CWEC2020.zip
1,QUESNEL,QUESNEL,BRITISH COLUMBIA,COLOMBIE-BRITANNIQUE,CAN_BC_Quesnel.711920_CWEC2020.zip
1,REVELSTOKE,REVELSTOKE,BRITISH COLUMBIA,COLOMBIE-BRITANNIQUE,CAN_BC_Revelstoke.AP.716850_CWEC2020.zip
1,ROSE SPIT,ROSE SPIT,BRITISH COLUMBIA,COLOMBIE-BRITANNIQUE,CAN_BC_Rose.Spit.AUT.714770_CWEC2020.zip
1,SALMON ARM,SALMON ARM,BRITISH COLUMBIA,COLOMBIE-BRITANNIQUE,CAN_BC_Salmon.Arm.CS.712180_CWEC2020.zip
1,SANDSPIT,SANDSPIT,BRITISH COLUMBIA,COLOMBIE-BRITANNIQUE,CAN_BC_Sandspit.711110_CWEC2020.zip
1,SARTINE ISLAND,SARTINE ISLAND,BRITISH COLUMBIA,COLOMBIE-BRITANNIQUE,CAN_BC_Sartine.Island.AUT.714780_CWEC2020.zip
1,SHERINGHAM POINT,SHERINGHAM POINT,BRITISH COLUMBIA,COLOMBIE-BRITANNIQUE,CAN_BC_Sheringham.Point.717800_CWEC2020.zip
1,SISTERS ISLAND,SISTERS ISLAND,BRITISH COLUMBIA,COLOMBIE-BRITANNIQUE,CAN_BC_Sisters.Island.717810_CWEC2020.zip
1,SMITHERS,SMITHERS,BRITISH COLUMBIA,COLOMBIE-BRITANNIQUE,CAN_BC_Smithers.719500_CWEC2020.zip
1,SQUAMISH AIRPORT,SQUAMISH AIRPORT,BRITISH COLUMBIA,COLOMBIE-BRITANNIQUE,CAN_BC_Squamish.Airport.712070_CWEC2020.zip
1,SUMMERLAND,SUMMERLAND,BRITISH COLUMBIA,COLOMBIE-BRITANNIQUE,CAN_BC_Summerland.CS.717680_CWEC2020.zip
1,TERRACE,TERRACE,BRITISH COLUMBIA,COLOMBIE-BRITANNIQUE,CAN_BC_Terrace.AP.719510_CWEC2020.zip
1,VANCOUVER INTL,VANCOUVER INTL,BRITISH COLUMBIA,COLOMBIE-BRITANNIQUE,CAN_BC_Vancouver.Intl.AP.718920_CWEC2020.zip
1,VANCOUVER,VANCOUVER,BRITISH COLUMBIA,COLOMBIE-BRITANNIQUE,CAN_BC_Vancouver.Intl.AP.718920_CWEC2020.zip
1,VERNON,VERNON,BRITISH COLUMBIA,COLOMBIE-BRITANNIQUE,CAN_BC_Vernon.Auto.711150_CWEC2020.zip
1,VICTORIA GONZALES,VICTORIA GONZALES,BRITISH COLUMBIA,COLOMBIE-BRITANNIQUE,CAN_BC_Victoria.Gonzales.CS.712000_CWEC2020.zip
1,VICTORIA INTL,VICTORIA INTL,BRITISH COLUMBIA,COLOMBIE-BRITANNIQUE,CAN_BC_Victoria.Intl.AP.717990_CWEC2020.zip
1,VICTORIA,VICTORIA,BRITISH COLUMBIA,COLOMBIE-BRITANNIQUE,CAN_BC_Victoria.Intl.AP.717990_CWEC2020.zip
1,VICTORIA UNIVERSITY,VICTORIA UNIVERSITY,BRITISH COLUMBIA,COLOMBIE-BRITANNIQUE,CAN_BC_Victoria.University.CS.717830_CWEC2020.zip
1,WEST VANCOUVER,WEST VANCOUVER,BRITISH COLUMBIA,COLOMBIE-BRITANNIQUE,CAN_BC_West.Vancouver.AUT.717840_CWEC2020.zip
1,WHISTLER - NESTERS,WHISTLER - NESTERS,BRITISH COLUMBIA,COLOMBIE-BRITANNIQUE,CAN_BC_Whistler.Nesters.716870_CWEC2020.zip
1,WHISTLER,WHISTLER,BRITISH COLUMBIA,COLOMBIE-BRITANNIQUE,CAN_BC_Whistler.Nesters.716870_CWEC2020.zip
1,WHITE ROCK,WHITE ROCK,BRITISH COLUMBIA,COLOMBIE-BRITANNIQUE,CAN_BC_White.Rock.CS.717850_CWEC2020.zip
1,WILLIAMS LAKE,WILLIAMS LAKE,BRITISH COLUMBIA,COLOMBIE-BRITANNIQUE,CAN_BC_Williams.Lake.AP.711040_CWEC2020.zip
1,YOHO PARK,YOHO PARK,BRITISH COLUMBIA,COLOMBIE-BRITANNIQUE,CAN_BC_Yoho.Park.717860_CWEC2020.zip
1,CASTLEGAR,CASTLEGAR,BRITISH COLUMBIA,COLOMBIE-BRITANNIQUE,CAN_AB_Castlegar-West.Kootenay.Rgnl.AP-Yarmouth.RCS.718840_TMYx.zip
1,TOFINO,TOFINO,BRITISH COLUMBIA,COLOMBIE-BRITANNIQUE,CAN_BC_Tofino-Long.Beach.AP.711060_TMYx.zip
2,BANFF,BANFF,ALBERTA,ALBERTA,CAN_AB_Banff.CS.711220_CWEC2020.zip
2,BOW ISLAND,BOW ISLAND,ALBERTA,ALBERTA,CAN_AB_Bow.Island.712310_CWEC2020.zip
2,BOW VALLEY,BOW VALLEY,ALBERTA,ALBERTA,CAN_AB_Bow.Valley.712320_CWEC2020.zip
2,BROOKS,BROOKS,ALBERTA,ALBERTA,CAN_AB_Brooks.714570_CWEC2020.zip
2,CALGARY INTL,CALGARY INTL,ALBERTA,ALBERTA,CAN_AB_Calgary.Intl.AP.718770_CWEC2020.zip
2,CALGARY,CALGARY,ALBERTA,ALBERTA,CAN_AB_Calgary.Intl.AP.718770_CWEC2020.zip
2,CAMROSE,CAMROSE,ALBERTA,ALBERTA,CAN_AB_Camrose.712540_CWEC2020.zip
2,CARDSTON,CARDSTON,ALBERTA,ALBERTA,CAN_AB_Cardston.711530_CWEC2020.zip
2,CLARESHOLM,CLARESHOLM,ALBERTA,ALBERTA,CAN_AB_Claresholm.712340_CWEC2020.zip
2,COLD LAKE,COLD LAKE,ALBERTA,ALBERTA,CAN_AB_Cold.Lake.AP.711200_CWEC2020.zip
2,COP UPPER,COP UPPER,ALBERTA,ALBERTA,CAN_AB_Cop.Upper.712350_CWEC2020.zip
2,CORONATION CLIMATE,CORONATION CLIMATE,ALBERTA,ALBERTA,CAN_AB_Coronation.Climate.713180_CWEC2020.zip
2,CROWSNEST,CROWSNEST,ALBERTA,ALBERTA,CAN_AB_Crowsnest.712360_CWEC2020.zip
2,DRUMHELLER EAST,DRUMHELLER EAST,ALBERTA,ALBERTA,CAN_AB_Drumheller.East.712370_CWEC2020.zip
2,EDMONTON INTL,EDMONTON INTL,ALBERTA,ALBERTA,CAN_AB_Edmonton.Intl.AP.711230_CWEC2020.zip
2,EDMONTON,EDMONTON,ALBERTA,ALBERTA,CAN_AB_Edmonton.Intl.AP.711230_CWEC2020.zip
2,EDSON CLIMATE,EDSON CLIMATE,ALBERTA,ALBERTA,CAN_AB_Edson.Climate.711560_CWEC2020.zip
2,ELK ISLAND,ELK ISLAND,ALBERTA,ALBERTA,CAN_AB_Bow.Island.712310_CWEC2020.zip
2,ESTHER,ESTHER,ALBERTA,ALBERTA,CAN_AB_Esther.712400_CWEC2020.zip
2,FORT MCMURRAY,FORT MCMURRAY,ALBERTA,ALBERTA,CAN_AB_Fort.Mcmurray.AP.716890_CWEC2020.zip
2,FORT VERMILION,FORT VERMILION,ALBERTA,ALBERTA,CAN_AB_Fort.Vermilion.710240_CWEC2020.zip
2,GARDEN RIVER,GARDEN RIVER,ALBERTA,ALBERTA,CAN_AB_Garden.River.712530_CWEC2020.zip
2,GRANDE PRAIRIE,GRANDE PRAIRIE,ALBERTA,ALBERTA,CAN_AB_Grande.Prairie.AP.719400_CWEC2020.zip
2,HIGH LEVEL,HIGH LEVEL,ALBERTA,ALBERTA,CAN_AB_High.Level.710660_CWEC2020.zip
2,JASPER WARDEN,JASPER WARDEN,ALBERTA,ALBERTA,CAN_AB_Jasper.Warden.714860_CWEC2020.zip
2,LAC LA BICHE CLIMATE,LAC LA BICHE CLIMATE,ALBERTA,ALBERTA,CAN_AB_Lac.La.Biche.Climate.713160_CWEC2020.zip
2,LACOMBE,LACOMBE,ALBERTA,ALBERTA,CAN_AB_Lacombe.CDA.712420_CWEC2020.zip
2,LETHBRIDGE,LETHBRIDGE,ALBERTA,ALBERTA,CAN_AB_Lethbridge.CDA.712430_CWEC2020.zip
2,LLOYDMINSTER,LLOYDMINSTER,ALBERTA,ALBERTA,CAN_AB_Lloydminster.AP.718710_CWEC2020.zip
2,MEDICINE HAT,MEDICINE HAT,ALBERTA,ALBERTA,CAN_AB_Medicine.Hat.RCS.710260_CWEC2020.zip
2,MILDRED LAKE,MILDRED LAKE,ALBERTA,ALBERTA,CAN_AB_Mildred.Lake.712550_CWEC2020.zip
2,MILK RIVER,MILK RIVER,ALBERTA,ALBERTA,CAN_AB_Milk.River.712440_CWEC2020.zip
2,ONEFOUR,ONEFOUR,ALBERTA,ALBERTA,CAN_AB_Onefour.CDA.711160_CWEC2020.zip
2,PEACE RIVER,PEACE RIVER,ALBERTA,ALBERTA,CAN_AB_Peace.River.AP.710680_CWEC2020.zip
2,PINCHER CREEK,PINCHER CREEK,ALBERTA,ALBERTA,CAN_AB_Pincher.Creek.710850_CWEC2020.zip
2,RED DEER REGIONAL,RED DEER REGIONAL,ALBERTA,ALBERTA,CAN_AB_Red.Deer.Regional.AP.718780_CWEC2020.zip
2,RED DEER,RED DEER,ALBERTA,ALBERTA,CAN_AB_Red.Deer.Regional.AP.718780_CWEC2020.zip
2,ROCKY MTN HOUSE,ROCKY MTN HOUSE,ALBERTA,ALBERTA,CAN_AB_Rocky.Mtn.House.AUT.719280_CWEC2020.zip
2,ROCKY MOUNTAIN HOUSE,ROCKY MOUNTAIN HOUSE,ALBERTA,ALBERTA,CAN_AB_Rocky.Mtn.House.AUT.719280_CWEC2020.zip
2,SLAVE LAKE,SLAVE LAKE,ALBERTA,ALBERTA,CAN_AB_Slave.Lake.713690_CWEC2020.zip
2,STAVELY,STAVELY,ALBERTA,ALBERTA,CAN_AB_Stavely.Aafc.715550_CWEC2020.zip
2,SUNDRE,SUNDRE,ALBERTA,ALBERTA,CAN_AB_Sundre.AP.712480_CWEC2020.zip
2,THREE HILLS,THREE HILLS,ALBERTA,ALBERTA,CAN_AB_Three.Hills.712490_CWEC2020.zip
2,VAUXHALL,VAUXHALL,ALBERTA,ALBERTA,CAN_AB_Vauxhall.CDA.CS.712510_CWEC2020.zip
2,VEGREVILLE,VEGREVILLE,ALBERTA,ALBERTA,CAN_AB_Vegreville.714580_CWEC2020.zip
2,WAINWRIGHT,WAINWRIGHT,ALBERTA,ALBERTA,CAN_AB_Wainwright.CFB.Airfield.711180_CWEC2020.zip
2,WATERTON PARK GATE,WATERTON PARK GATE,ALBERTA,ALBERTA,CAN_AB_Waterton.Park.Gate.711540_CWEC2020.zip
3,ASSINIBOIA AIRPORT,ASSINIBOIA AIRPORT,SASKATCHEWAN,SASKATCHEWAN,CAN_SK_Assiniboia.Airport.714870_CWEC2020.zip
3,BROADVIEW,BROADVIEW,SASKATCHEWAN,SASKATCHEWAN,CAN_SK_Broadview.718610_CWEC2020.zip
3,COLLINS BAY,COLLINS BAY,SASKATCHEWAN,SASKATCHEWAN,CAN_SK_Collins.Bay.Sk.710750_CWEC2020.zip
3,CORONACH,CORONACH,SASKATCHEWAN,SASKATCHEWAN,CAN_SK_Coronach.Spc.715160_CWEC2020.zip
3,CYPRESS HILLS PARK,CYPRESS HILLS PARK,SASKATCHEWAN,SASKATCHEWAN,CAN_SK_Cypress.Hills.Park.711390_CWEC2020.zip
3,EASTEND CYPRESS,EASTEND CYPRESS,SASKATCHEWAN,SASKATCHEWAN,CAN_SK_Eastend.Cypress.AUT.711310_CWEC2020.zip
3,ELBOW,ELBOW,SASKATCHEWAN,SASKATCHEWAN,CAN_SK_Elbow.CS.714500_CWEC2020.zip
3,ESTEVAN,ESTEVAN,SASKATCHEWAN,SASKATCHEWAN,CAN_SK_Estevan.AP.718620_CWEC2020.zip
3,HUDSON BAY,HUDSON BAY,SASKATCHEWAN,SASKATCHEWAN,CAN_SK_Hudson.Bay.AUT.718680_CWEC2020.zip
3,INDIAN HEAD,INDIAN HEAD,SASKATCHEWAN,SASKATCHEWAN,CAN_SK_Indian.Head.CDA.715150_CWEC2020.zip
3,KEY LAKE,KEY LAKE,SASKATCHEWAN,SASKATCHEWAN,CAN_SK_Lucky.Lake.714550_CWEC2020.zip
3,KINDERSLEY,KINDERSLEY,SASKATCHEWAN,SASKATCHEWAN,CAN_SK_Kindersley.AP.711290_CWEC2020.zip
3,LA RONGE,LA RONGE,SASKATCHEWAN,SASKATCHEWAN,CAN_SK_La.Ronge.AP.719220_CWEC2020.zip
3,LAST MOUNTAIN,LAST MOUNTAIN,SASKATCHEWAN,SASKATCHEWAN,CAN_SK_Last.Mountain.CS.715560_CWEC2020.zip
3,LEADER AIRPORT,LEADER AIRPORT,SASKATCHEWAN,SASKATCHEWAN,CAN_SK_Leader.Airport.714590_CWEC2020.zip
3,LUCKY LAKE,LUCKY LAKE,SASKATCHEWAN,SASKATCHEWAN,CAN_SK_Lucky.Lake.714550_CWEC2020.zip
3,MAPLE CREEK,MAPLE CREEK,SASKATCHEWAN,SASKATCHEWAN,CAN_SK_Maple.Creek.714530_CWEC2020.zip
3,MELFORT,MELFORT,SASKATCHEWAN,SASKATCHEWAN,CAN_SK_Melfort.714560_CWEC2020.zip
3,MOOSE JAW,MOOSE JAW,SASKATCHEWAN,SASKATCHEWAN,CAN_SK_Moose.Jaw.CS.715390_CWEC2020.zip
3,NIPAWIN,NIPAWIN,SASKATCHEWAN,SASKATCHEWAN,CAN_SK_Nipawin.713120_CWEC2020.zip
3,NORTH BATTLEFORD,NORTH BATTLEFORD,SASKATCHEWAN,SASKATCHEWAN,CAN_SK_North.Battleford.718760_CWEC2020.zip
3,OUTLOOK,OUTLOOK,SASKATCHEWAN,SASKATCHEWAN,CAN_SK_Outlook.Pfra.715510_CWEC2020.zip
3,PRINCE ALBERT,PRINCE ALBERT,SASKATCHEWAN,SASKATCHEWAN,CAN_SK_Prince.Albert.AP.718690_CWEC2020.zip
3,REGINA INTL,REGINA INTL,SASKATCHEWAN,SASKATCHEWAN,CAN_SK_Regina.Intl.AP.718630_CWEC2020.zip
3,REGINA,REGINA,SASKATCHEWAN,SASKATCHEWAN,CAN_SK_Regina.Intl.AP.718630_CWEC2020.zip
3,ROCKGLEN,ROCKGLEN,SASKATCHEWAN,SASKATCHEWAN,CAN_SK_Rockglen.AUT.711350_CWEC2020.zip
3,ROSETOWN EAST,ROSETOWN EAST,SASKATCHEWAN,SASKATCHEWAN,CAN_SK_Rosetown.East.715100_CWEC2020.zip
3,SASKATOON INTL,SASKATOON INTL,SASKATCHEWAN,SASKATCHEWAN,CAN_SK_Saskatoon.Intl.AP.718660_CWEC2020.zip
3,SASKATOON,SASKATOON,SASKATCHEWAN,SASKATCHEWAN,CAN_SK_Saskatoon.Intl.AP.718660_CWEC2020.zip
3,SCOTT,SCOTT,SASKATCHEWAN,SASKATCHEWAN,CAN_SK_Scott.CDA.714890_CWEC2020.zip
3,SOUTHEND,SOUTHEND,SASKATCHEWAN,SASKATCHEWAN,CAN_SK_Southend.714510_CWEC2020.zip
3,SPIRITWOOD WEST,SPIRITWOOD WEST,SASKATCHEWAN,SASKATCHEWAN,CAN_SK_Spiritwood.West.711330_CWEC2020.zip
3,STONY RAPIDS,STONY RAPIDS,SASKATCHEWAN,SASKATCHEWAN,CAN_SK_Stony.Rapids.711320_CWEC2020.zip
3,SWIFT CURRENT,SWIFT CURRENT,SASKATCHEWAN,SASKATCHEWAN,CAN_SK_Swift.Current.711420_CWEC2020.zip
3,SWIFT CURRENT CDA,SWIFT CURRENT CDA,SASKATCHEWAN,SASKATCHEWAN,CAN_SK_Swift.Current.711420_CWEC2020.zip
3,URANIUM CITY,URANIUM CITY,SASKATCHEWAN,SASKATCHEWAN,CAN_SK_Uranium.City.AUT.710760_CWEC2020.zip
3,VAL MARIE SOUTHEAST,VAL MARIE SOUTHEAST,SASKATCHEWAN,SASKATCHEWAN,CAN_SK_Val.Marie.Southeast.711370_CWEC2020.zip
3,WASKESIU LAKE,WASKESIU LAKE,SASKATCHEWAN,SASKATCHEWAN,CAN_SK_Waskesiu.Lake.714540_CWEC2020.zip
3,WATROUS EAST,WATROUS EAST,SASKATCHEWAN,SASKATCHEWAN,CAN_SK_Watrous.East.715110_CWEC2020.zip
3,WEYBURN,WEYBURN,SASKATCHEWAN,SASKATCHEWAN,CAN_SK_Weyburn.714520_CWEC2020.zip
3,WYNYARD,WYNYARD,SASKATCHEWAN,SASKATCHEWAN,CAN_SK_Wynyard.AUT.718650_CWEC2020.zip
3,YORKTON,YORKTON,SASKATCHEWAN,SASKATCHEWAN,CAN_SK_Yorkton.712920_CWEC2020.zip
4,BRANDON,BRANDON,MANITOBA,MANITOBA,CAN_MB_Brandon.AP.711400_CWEC2020.zip
4,CARBERRY,CARBERRY,MANITOBA,MANITOBA,CAN_MB_Carberry.CS.711700_CWEC2020.zip
4,CARMAN U OF M,CARMAN U OF M,MANITOBA,MANITOBA,CAN_MB_Carman.U.Of.M.CS.711470_CWEC2020.zip
4,CHURCHILL,CHURCHILL,MANITOBA,MANITOBA,CAN_MB_Churchill.AP.716180_CWEC2020.zip
4,DAUPHIN,DAUPHIN,MANITOBA,MANITOBA,CAN_MB_Dauphin.710360_CWEC2020.zip
4,EMERSON,EMERSON,MANITOBA,MANITOBA,CAN_MB_Emerson.Auto.715600_CWEC2020.zip
4,FISHER BRANCH,FISHER BRANCH,MANITOBA,MANITOBA,CAN_MB_Fisher.Branch.AUT.714420_CWEC2020.zip
4,FLIN FLON,FLIN FLON,MANITOBA,MANITOBA,CAN_MB_Flin.Flon.719540_CWEC2020.zip
4,GILLAM,GILLAM,MANITOBA,MANITOBA,CAN_MB_Gillam.AP.719120_CWEC2020.zip
4,GIMLI CLIMATE,GIMLI CLIMATE,MANITOBA,MANITOBA,CAN_MB_Gimli.Climate.717480_CWEC2020.zip
4,GRAND RAPIDS,GRAND RAPIDS,MANITOBA,MANITOBA,CAN_MB_Grand.Rapids.AUT.718580_CWEC2020.zip
4,GRETNA,GRETNA,MANITOBA,MANITOBA,CAN_MB_Gretna.AUT.714410_CWEC2020.zip
4,ISLAND LAKE,ISLAND LAKE,MANITOBA,MANITOBA,CAN_MB_Island.Lake.AP.711450_CWEC2020.zip
4,LYNN LAKE,LYNN LAKE,MANITOBA,MANITOBA,CAN_MB_Lynn.Lake.710780_CWEC2020.zip
4,MCCREARY,MCCREARY,MANITOBA,MANITOBA,CAN_MB_Mccreary.711490_CWEC2020.zip
4,MELITA,MELITA,MANITOBA,MANITOBA,CAN_MB_Melita.714470_CWEC2020.zip
4,NORWAY HOUSE,NORWAY HOUSE,MANITOBA,MANITOBA,CAN_MB_Norway.House.714100_CWEC2020.zip
4,OAKPOINT MARINE,OAKPOINT MARINE,MANITOBA,MANITOBA,CAN_MB_Oakpoint.Marine.711440_CWEC2020.zip
4,PILOT MOUND,PILOT MOUND,MANITOBA,MANITOBA,CAN_MB_Pilot.Mound.AUT.711480_CWEC2020.zip
4,PINAWA,PINAWA,MANITOBA,MANITOBA,CAN_MB_Pinawa.714480_CWEC2020.zip
4,PORTAGE SOUTHPORT,PORTAGE SOUTHPORT,MANITOBA,MANITOBA,CAN_MB_Portage.Southport.718510_CWEC2020.zip
4,ROBLIN,ROBLIN,MANITOBA,MANITOBA,CAN_MB_Roblin.715530_CWEC2020.zip
4,SHOAL LAKE,SHOAL LAKE,MANITOBA,MANITOBA,CAN_MB_Shoal.Lake.CS.711500_CWEC2020.zip
4,SPRAGUE,SPRAGUE,MANITOBA,MANITOBA,CAN_MB_Sprague.714490_CWEC2020.zip
4,SWAN RIVER,SWAN RIVER,MANITOBA,MANITOBA,CAN_MB_Swan.River.RCS.714430_CWEC2020.zip
4,TADOULE LAKE,TADOULE LAKE,MANITOBA,MANITOBA,CAN_MB_Tadoule.Lake.CS.713340_CWEC2020.zip
4,THE PAS,THE PAS,MANITOBA,MANITOBA,CAN_MB_The.Pas.AP.718670_CWEC2020.zip
4,THOMPSON,THOMPSON,MANITOBA,MANITOBA,CAN_MB_Thompson.AP.710790_CWEC2020.zip
4,VICTORIA BEACH,VICTORIA BEACH,MANITOBA,MANITOBA,CAN_MB_Victoria.Beach.AUT.715520_CWEC2020.zip
4,WASAGAMING,WASAGAMING,MANITOBA,MANITOBA,CAN_MB_Wasagaming.714440_CWEC2020.zip
4,WINNIPEG INTL,WINNIPEG INTL,MANITOBA,MANITOBA,CAN_MB_Winnipeg.Intl.AP.718520_CWEC2020.zip
4,WINNIPEG,WINNIPEG,MANITOBA,MANITOBA,CAN_MB_Winnipeg.Intl.AP.718520_CWEC2020.zip
5,ARMSTRONG,ARMSTRONG,ONTARIO,ONTARIO,CAN_ON_Armstrong.AUT.718410_CWEC2020.zip
5,ATIKOKAN,ATIKOKAN,ONTARIO,ONTARIO,CAN_ON_Atikokan.AUT.717470_CWEC2020.zip
5,BANCROFT,BANCROFT,ONTARIO,ONTARIO,CAN_ON_Bancroft.Auto.712940_CWEC2020.zip
5,BIG TROUT LAKE,BIG TROUT LAKE,ONTARIO,ONTARIO,CAN_ON_Big.Trout.Lake.AP.716750_CWEC2020.zip
5,BURLINGTON PIERS,BURLINGTON PIERS,ONTARIO,ONTARIO,CAN_ON_Burlington.Piers.AUT.714370_CWEC2020.zip
5,COBOURG,COBOURG,ONTARIO,ONTARIO,CAN_ON_Cobourg.AUT.714310_CWEC2020.zip
5,COLLINGWOOD,COLLINGWOOD,ONTARIO,ONTARIO,CAN_ON_Collingwood.712700_CWEC2020.zip
5,ERIEAU,ERIEAU,ONTARIO,ONTARIO,CAN_ON_Erieau.AUT.714650_CWEC2020.zip
5,GERALDTON,GERALDTON,ONTARIO,ONTARIO,CAN_ON_Geraldton.AP.718340_CWEC2020.zip
5,GODERICH,GODERICH,ONTARIO,ONTARIO,CAN_ON_Goderich.712610_CWEC2020.zip
5,GORE BAY CLIMATE,GORE BAY CLIMATE,ONTARIO,ONTARIO,CAN_ON_Gore.Bay.Climate.719560_CWEC2020.zip
5,KAPUSKASING,KAPUSKASING,ONTARIO,ONTARIO,CAN_ON_Kapuskasing.AP.718310_CWEC2020.zip
5,KENORA,KENORA,ONTARIO,ONTARIO,CAN_ON_Kenora.AP.718500_CWEC2020.zip
5,KILLARNEY,KILLARNEY,ONTARIO,ONTARIO,CAN_ON_Killarney.AUT.714600_CWEC2020.zip
5,LAGOON CITY,LAGOON CITY,ONTARIO,ONTARIO,CAN_ON_Lagoon.City.712820_CWEC2020.zip
5,LANSDOWNE HOUSE,LANSDOWNE HOUSE,ONTARIO,ONTARIO,CAN_ON_Lansdowne.House.AUT.718460_CWEC2020.zip
5,LONDON,LONDON,ONTARIO,ONTARIO,CAN_ON_London.AP.716230_CWEC2020.zip
5,MOOSONEE,MOOSONEE,ONTARIO,ONTARIO,CAN_ON_Moosonee.713980_CWEC2020.zip
5,MOUNT FOREST,MOUNT FOREST,ONTARIO,ONTARIO,CAN_ON_Mount.Forest.AUT.716310_CWEC2020.zip
5,MUSKOKA,MUSKOKA,ONTARIO,ONTARIO,CAN_ON_Muskoka.715320_CWEC2020.zip
5,NAGAGAMI,NAGAGAMI,ONTARIO,ONTARIO,CAN_ON_Nagagami.AUT.718320_CWEC2020.zip
5,NORTH BAY,NORTH BAY,ONTARIO,ONTARIO,CAN_ON_North.Bay.AP.717310_CWEC2020.zip
5,OTTAWA INTL,OTTAWA INTL,ONTARIO,ONTARIO,CAN_ON_Ottawa.Intl.AP.716280_CWEC2020.zip
5,OTTAWA,OTTAWA,ONTARIO,ONTARIO,CAN_ON_Ottawa.Intl.AP.716280_CWEC2020.zip
5,PEAWANUCK,PEAWANUCK,ONTARIO,ONTARIO,CAN_ON_Peawanuck.AUT.714340_CWEC2020.zip
5,PETERBOROUGH,PETERBOROUGH,ONTARIO,ONTARIO,CAN_ON_Peterborough.714360_CWEC2020.zip
5,PICKLE LAKE,PICKLE LAKE,ONTARIO,ONTARIO,CAN_ON_Pickle.Lake.AUT.718350_CWEC2020.zip
5,POINT PETRE,POINT PETRE,ONTARIO,ONTARIO,CAN_ON_Point.Petre.AUT.714300_CWEC2020.zip
5,PORT WELLER,PORT WELLER,ONTARIO,ONTARIO,CAN_ON_Port.Weller.AUT.714320_CWEC2020.zip
5,PUKASKWA,PUKASKWA,ONTARIO,ONTARIO,CAN_ON_Pukaskwa.AUT.717500_CWEC2020.zip
5,SAULT STE MARIE,SAULT STE MARIE,ONTARIO,ONTARIO,CAN_ON_Sault.Ste.Marie.AP.712600_CWEC2020.zip
5,SAULT STE. MARIE,SAULT STE. MARIE,ONTARIO,ONTARIO,CAN_ON_Sault.Ste.Marie.AP.712600_CWEC2020.zip
5,SIOUX LOOKOUT,SIOUX LOOKOUT,ONTARIO,ONTARIO,CAN_ON_Sioux.Lookout.AP.718420_CWEC2020.zip
5,SUDBURY,SUDBURY,ONTARIO,ONTARIO,CAN_ON_Sudbury.AP.717300_CWEC2020.zip
5,THUNDER BAY,THUNDER BAY,ONTARIO,ONTARIO,CAN_ON_Thunder.Bay.AP.716670_CWEC2020.zip
5,TIMMINS,TIMMINS,ONTARIO,ONTARIO,CAN_ON_Timmins.AP.717390_CWEC2020.zip
5,TORONTO BUTTONVILLE,TORONTO BUTTONVILLE,ONTARIO,ONTARIO,CAN_ON_Toronto.Buttonville.AP.716390_CWEC2020.zip
5,TORONTO CITY CENTRE,TORONTO CITY CENTRE,ONTARIO,ONTARIO,CAN_ON_Toronto.City.Centre.712650_CWEC2020.zip
5,TORONTO INTL,TORONTO INTL,ONTARIO,ONTARIO,CAN_ON_Toronto.Intl.AP.716240_CWEC2020.zip
5,TORONTO MET RES STN,TORONTO MET RES STN,ONTARIO,ONTARIO,CAN_ON_Toronto.Intl.AP.716240_CWEC2020.zip
5,TORONTO,TORONTO,ONTARIO,ONTARIO,CAN_ON_Toronto.Intl.AP.716240_CWEC2020.zip
5,TRENTON,TRENTON,ONTARIO,ONTARIO,CAN_ON_Trenton.AP.716210_CWEC2020.zip
5,UPSALA,UPSALA,ONTARIO,ONTARIO,CAN_ON_Upsala.AUT.714350_CWEC2020.zip
5,WAWA,WAWA,ONTARIO,ONTARIO,CAN_ON_Wawa.AP.717380_CWEC2020.zip
5,WIARTON,WIARTON,ONTARIO,ONTARIO,CAN_ON_Wiarton.AP.716330_CWEC2020.zip
5,WINDSOR,WINDSOR,ONTARIO,ONTARIO,CAN_ON_Windsor.AP.715380_CWEC2020.zip
5,KINGSTON,KINGSTON,ONTARIO,ONTARIO,CAN_ON_Kingston.AP.716200_CWEC.zip
5,SIMCOE,SIMCOE,ONTARIO,ONTARIO,CAN_ON_Simcoe.AP.715270_CWEC.zip
7,BAS CARAQUET,BAS CARAQUET,NEW BRUNSWICK,NOUVEAU-BRUNSWICK,CAN_NB_Bas.Caraquet.715980_CWEC2020.zip
7,BATHURST,BATHURST,NEW BRUNSWICK,NOUVEAU-BRUNSWICK,CAN_NB_Bathurst.AP.715740_CWEC2020.zip
7,CHARLO,CHARLO,NEW BRUNSWICK,NOUVEAU-BRUNSWICK,CAN_NB_Charlo.Auto.713150_CWEC2020.zip
7,FREDERICTON,FREDERICTON,NEW BRUNSWICK,NOUVEAU-BRUNSWICK,CAN_NB_Fredericton.717000_CWEC2020.zip
7,MISCOU ISLAND,MISCOU ISLAND,NEW BRUNSWICK,NOUVEAU-BRUNSWICK,CAN_NB_Miscou.Island.AUT.717190_CWEC2020.zip
7,MONCTON INTL,MONCTON INTL,NEW BRUNSWICK,NOUVEAU-BRUNSWICK,CAN_NB_Moncton.Intl.AP.717050_CWEC2020.zip
7,MONCTON,MONCTON,NEW BRUNSWICK,NOUVEAU-BRUNSWICK,CAN_NB_Moncton.Intl.AP.717050_CWEC2020.zip
7,POINT LEPREAU,POINT LEPREAU,NEW BRUNSWICK,NOUVEAU-BRUNSWICK,CAN_NB_Point.Lepreau.CS.716990_CWEC2020.zip
7,SAINT JOHN,SAINT JOHN,NEW BRUNSWICK,NOUVEAU-BRUNSWICK,CAN_NB_Saint.John.AP.716090_CWEC2020.zip
7,ST-STEPHEN,ST-STEPHEN,NEW BRUNSWICK,NOUVEAU-BRUNSWICK,CAN_NB_St.Stephen.716070_CWEC2020.zip
7,CHATHAM,CHATHAM,NEW BRUNSWICK,NOUVEAU-BRUNSWICK,CAN_BC_Chatham.Point.Lighthouse.718937_TMYx.zip
8,BRIER ISLAND,BRIER ISLAND,NOVA SCOTIA,NOUVELLE-ÉCOSSE,CAN_NS_Brier.Island.719880_CWEC2020.zip
8,GRAND ETANG,GRAND ETANG,NOVA SCOTIA,NOUVELLE-ÉCOSSE,CAN_NS_Grand.Etang.730300_CWEC2020.zip
8,GREENWOOD,GREENWOOD,NOVA SCOTIA,NOUVELLE-ÉCOSSE,CAN_NS_Greenwood.AP.713970_CWEC2020.zip
8,HALIFAX INTL,HALIFAX INTL,NOVA SCOTIA,NOUVELLE-ÉCOSSE,CAN_NS_Halifax.Intl.AP.713950_CWEC2020.zip
8,HALIFAX,HALIFAX,NOVA SCOTIA,NOUVELLE-ÉCOSSE,CAN_NS_Halifax.Intl.AP.713950_CWEC2020.zip
8,KEJIMKUJIK,KEJIMKUJIK,NOVA SCOTIA,NOUVELLE-ÉCOSSE,CAN_NS_Kejimkujik.715990_CWEC2020.zip
8,SABLE ISLAND,SABLE ISLAND,NOVA SCOTIA,NOUVELLE-ÉCOSSE,CAN_NS_Sable.Island.AP.715950_CWEC2020.zip
8,SHEARWATER,SHEARWATER,NOVA SCOTIA,NOUVELLE-ÉCOSSE,CAN_NS_Shearwater.RCS.712640_CWEC2020.zip
8,SYDNEY,SYDNEY,NOVA SCOTIA,NOUVELLE-ÉCOSSE,CAN_NS_Sydney.AP.717070_CWEC2020.zip
8,WESTERN HEAD,WESTERN HEAD,NOVA SCOTIA,NOUVELLE-ÉCOSSE,CAN_NS_Western.Head.714110_CWEC2020.zip
8,YARMOUTH,YARMOUTH,NOVA SCOTIA,NOUVELLE-ÉCOSSE,CAN_NS_Yarmouth.AP.716030_CWEC2020.zip
8,TRURO,TRURO,NOVA SCOTIA,NOUVELLE-ÉCOSSE,CAN_NS_Yarmouth.AP.716030_CWEC2020.zip
6,AMQUI,AMQUI,QUEBEC,QUÉBEC,CAN_QC_Amqui.713860_CWEC2020.zip
6,BAGOTVILLE,BAGOTVILLE,QUEBEC,QUÉBEC,CAN_QC_Bagotville.AP.717270_CWEC2020.zip
6,BAIE-COMEAU,BAIE-COMEAU,QUEBEC,QUÉBEC,CAN_QC_Baie.Comeau.718290_CWEC2020.zip
6,BAIE-COMEAU A,BAIE-COMEAU A,QUEBEC,QUÉBEC,CAN_QC_Baie.Comeau.718290_CWEC2020.zip
6,BARRAGE TEMISCAMINGUE,BARRAGE TEMISCAMINGUE,QUEBEC,QUÉBEC,CAN_QC_Barrage.Temiscamingue.717320_CWEC2020.zip
6,BEAUCEVILLE,BEAUCEVILLE,QUEBEC,QUÉBEC,CAN_QC_Beauceville.713230_CWEC2020.zip
6,BONNARD,BONNARD,QUEBEC,QUÉBEC,CAN_QC_Bonnard.713830_CWEC2020.zip
6,CAP-D'ESPOIR,CAP-D'ESPOIR,QUEBEC,QUÉBEC,CAN_QC_Cap.Despoir.714290_CWEC2020.zip
6,CAP-MADELEINE,CAP-MADELEINE,QUEBEC,QUÉBEC,CAN_QC_Cap.Madeleine.714250_CWEC2020.zip
6,CAP-ROUGE,CAP-ROUGE,QUEBEC,QUÉBEC,CAN_QC_Cap.Rouge.711860_CWEC2020.zip
6,CAP-TOURMENTE,CAP-TOURMENTE,QUEBEC,QUÉBEC,CAN_QC_Cap.Tourmente.713840_CWEC2020.zip
6,CHAMOUCHOUANE,CHAMOUCHOUANE,QUEBEC,QUÉBEC,CAN_QC_Chamouchouane.715230_CWEC2020.zip
6,CHARLEVOIX,CHARLEVOIX,QUEBEC,QUÉBEC,CAN_QC_Charlevoix.Mrc.713190_CWEC2020.zip
6,CHEVERY,CHEVERY,QUEBEC,QUÉBEC,CAN_QC_Chevery.718140_CWEC2020.zip
6,CHUTE-DES-PASSES,CHUTE-DES-PASSES,QUEBEC,QUÉBEC,CAN_QC_Chute.Des.Passes.715220_CWEC2020.zip
6,DESCHAMBAULT,DESCHAMBAULT,QUEBEC,QUÉBEC,CAN_QC_Deschambault.713890_CWEC2020.zip
6,FRELIGHSBURG,FRELIGHSBURG,QUEBEC,QUÉBEC,CAN_QC_Frelighsburg.713730_CWEC2020.zip
6,GASPE,GASPÉ,QUEBEC,QUÉBEC,CAN_QC_Gaspe.AP.711880_CWEC2020.zip
6,HAVRE ST-PIERRE,HAVRE ST-PIERRE,QUEBEC,QUÉBEC,CAN_QC_Havre.St.Pierre.715840_CWEC2020.zip
6,ILE AUX PERROQUETS,ÎLE AUX PERROQUETS,QUEBEC,QUÉBEC,CAN_QC_Ile.Aux.Perroquets.713750_CWEC2020.zip
6,ILE ROUGE,ÎLE ROUGE,QUEBEC,QUÉBEC,CAN_QC_Ile.Rouge.714260_CWEC2020.zip
6,ILES DE LA MADELEINE,ÎLES DE LA MADELEINE,QUEBEC,QUÉBEC,CAN_QC_Iles.De.La.Madeleine.717100_CWEC2020.zip
6,INUKJUAK,INUKJUAK,QUEBEC,QUÉBEC,CAN_QC_Inukjuak.AP.719070_CWEC2020.zip
6,JONQUIERE,JONQUIÈRE,QUEBEC,QUÉBEC,CAN_QC_Jonquiere.716170_CWEC2020.zip
6,KUUJJUAQ,KUUJJUAQ,QUEBEC,QUÉBEC,CAN_QC_Kuujjuaq.AP.719060_CWEC2020.zip
6,KUUJJUARAPIK,KUUJJUARAPIK,QUEBEC,QUÉBEC,CAN_QC_Kuujjuarapik.AP.CAN001_CWEC2020.zip
6,LA BAIE,LA BAIE,QUEBEC,QUÉBEC,CAN_QC_La.Baie.713880_CWEC2020.zip
6,LA POCATIERE,LA POCATIÈRE,QUEBEC,QUÉBEC,CAN_QC_La.Pocatiere.717130_CWEC2020.zip
6,LA TUQUE,LA TUQUE,QUEBEC,QUÉBEC,CAN_QC_La.Tuque.713780_CWEC2020.zip
6,LAC BENOIT,LAC BENOIT,QUEBEC,QUÉBEC,CAN_QC_Lac.Benoit.715200_CWEC2020.zip
6,LAC EON,LAC EON,QUEBEC,QUÉBEC,CAN_QC_Lac.Eon.714210_CWEC2020.zip
6,L'ACADIE,L'ACADIE,QUEBEC,QUÉBEC,CAN_QC_Lacadie.713720_CWEC2020.zip
6,L'ASSOMPTION,L'ASSOMPTION,QUEBEC,QUÉBEC,CAN_QC_Lassomption.715240_CWEC2020.zip
6,LENNOXVILLE,LENNOXVILLE,QUEBEC,QUÉBEC,CAN_QC_Lennoxville.716110_CWEC2020.zip
6,L'ETAPE,L'ÉTAPE,QUEBEC,QUÉBEC,CAN_QC_Letape.713820_CWEC2020.zip
6,LONGUE-POINTE-DE-MINGAN,LONGUE-POINTE-DE-MINGAN,QUEBEC,QUÉBEC,CAN_QC_Longue.Pointe.De.Mingan.715120_CWEC2020.zip
6,LOURDES DE BLANC SABLON,LOURDES DE BLANC SABLON,QUEBEC,QUÉBEC,CAN_QC_Lourdes.De.Blanc.Sablon.AP.718080_CWEC2020.zip
6,MANIWAKI AIRPORT,MANIWAKI AIRPORT,QUEBEC,QUÉBEC,CAN_QC_Maniwaki.Airport.717210_CWEC2020.zip
6,MANOUANE,MANOUANE,QUEBEC,QUÉBEC,CAN_QC_Manouane.Est.715210_CWEC2020.zip
6,MATAGAMI,MATAGAMI,QUEBEC,QUÉBEC,CAN_QC_Matagami.AP.719470_CWEC2020.zip
6,MCTAVISH,MCTAVISH,QUEBEC,QUÉBEC,CAN_QC_Mctavish.716120_CWEC2020.zip
6,MONT JOLI,MONT JOLI,QUEBEC,QUÉBEC,CAN_QC_Mont.Joli.AP.717180_CWEC2020.zip
6,MONT-JOLI,MONT-JOLI,QUEBEC,QUÉBEC,CAN_QC_Mont.Joli.AP.717180_CWEC2020.zip
6,MONTREAL INTL,MONTRÉAL INTL,QUEBEC,QUÉBEC,CAN_QC_Montreal.Intl.AP.716270_CWEC2020.zip
6,MONTREAL,MONTRÉAL,QUEBEC,QUÉBEC,CAN_QC_Montreal.Intl.AP.716270_CWEC2020.zip
6,MONTREAL MIRABEL  INTL,MONTRÉAL MIRABEL  INTL,QUEBEC,QUÉBEC,CAN_QC_Montreal.Mirabel.Intl.AP.CAN002_CWEC2020.zip
6,MONTREAL MIRABEL,MONTRÉAL MIRABEL,QUEBEC,QUÉBEC,CAN_QC_Montreal.Mirabel.Intl.AP.CAN002_CWEC2020.zip
6,MONTREAL-ST-HUBERT,MONTRÉAL-ST-HUBERT,QUEBEC,QUÉBEC,CAN_QC_Montreal.St.Hubert.713710_CWEC2020.zip
6,ST-HUBERT,ST-HUBERT,QUEBEC,QUÉBEC,CAN_QC_Montreal.St.Hubert.713710_CWEC2020.zip
6,NATASHQUAN,NATASHQUAN,QUEBEC,QUÉBEC,CAN_QC_Natashquan.AP.718130_CWEC2020.zip
6,NEW CARLISLE,NEW CARLISLE,QUEBEC,QUÉBEC,CAN_QC_New.Carlisle.716190_CWEC2020.zip
6,NICOLET,NICOLET,QUEBEC,QUÉBEC,CAN_QC_Nicolet.717230_CWEC2020.zip
6,NORMANDIN,NORMANDIN,QUEBEC,QUÉBEC,CAN_QC_Normandin.713790_CWEC2020.zip
6,POINTE CLAVEAU,POINTE CLAVEAU,QUEBEC,QUÉBEC,CAN_QC_Pointe.Claveau.711890_CWEC2020.zip
6,POINTE DE L'ISLET,POINTE DE L'ISLET,QUEBEC,QUÉBEC,CAN_QC_Pointe.De.Lislet.711900_CWEC2020.zip
6,POINTE NOIRE,POINTE NOIRE,QUEBEC,QUÉBEC,CAN_QC_Pointe.Noire.CS.713900_CWEC2020.zip
6,POINTE-AU-PERE,POINTE-AU-PÈRE,QUEBEC,QUÉBEC,CAN_QC_Pointe.Au.Pere.Inrs.715540_CWEC2020.zip
6,POINTE-DES-MONTS,POINTE-DES-MONTS,QUEBEC,QUÉBEC,CAN_QC_Pointe.Des.Monts.714270_CWEC2020.zip
6,QUEBEC INTL,QUÉBEC INTL,QUEBEC,QUÉBEC,CAN_QC_Quebec.Intl.AP.717140_CWEC2020.zip
6,QUEBEC,QUÉBEC,QUEBEC,QUÉBEC,CAN_QC_Quebec.Intl.AP.717140_CWEC2020.zip
6,RIVIERE-DU-LOUP,RIVIERE-DU-LOUP,QUEBEC,QUÉBEC,CAN_QC_Riviere.Du.Loup.717150_CWEC2020.zip
6,ROBERVAL,ROBERVAL,QUEBEC,QUÉBEC,CAN_QC_Roberval.AP.717280_CWEC2020.zip
6,ROUYN,ROUYN,QUEBEC,QUÉBEC,CAN_QC_Rouyn.717340_CWEC2020.zip
6,ROUYN-NORANDA,ROUYN-NORANDA,QUEBEC,QUÉBEC,CAN_QC_Rouyn.Noranda.AP.717255_CWEC2020.zip
6,SCHEFFERVILLE,SCHEFFERVILLE,QUEBEC,QUÉBEC,CAN_QC_Schefferville.AP.719210_CWEC2020.zip
6,SEPT-ILES,SEPT-ÎLES,QUEBEC,QUÉBEC,CAN_QC_Sept.Iles.AP.718110_CWEC2020.zip
6,SEPT ILES,SEPT ILES,QUEBEC,QUÉBEC,CAN_QC_Sept.Iles.AP.718110_CWEC2020.zip
6,ST-ANICET,ST-ANICET,QUEBEC,QUÉBEC,CAN_QC_St.Anicet.717120_CWEC2020.zip
6,STE-ANNE-DE-BELLEVUE,STE-ANNE-DE-BELLEVUE,QUEBEC,QUÉBEC,CAN_QC_Ste.Anne.De.Bellevue.713770_CWEC2020.zip
6,STE-CLOTHILDE,STE-CLOTHILDE,QUEBEC,QUÉBEC,CAN_QC_Ste.Clothilde.716140_CWEC2020.zip
6,STE-FOY,STE-FOY,QUEBEC,QUÉBEC,CAN_QC_Rouyn.717340_CWEC2020.zip
6,ST-JOVITE,ST-JOVITE,QUEBEC,QUÉBEC,CAN_QC_St.Jovite.713760_CWEC2020.zip
6,VAL-D'OR,VAL-D'OR,QUEBEC,QUÉBEC,CAN_QC_Val.Dor.717250_CWEC2020.zip
6,VAL D'OR,VAL D'OR,QUEBEC,QUÉBEC,CAN_QC_Val.Dor.717250_CWEC2020.zip
6,LA GRANDE RIVIERE,LA GRANDE RIVIERE,QUEBEC,QUÉBEC,CAN_QC_La.Grande.Riviere.AP.718270_CWEC.zip
6,SHERBROOKE,SHERBROOKE,QUEBEC,QUÉBEC,CAN_QC_Sherbrooke.AP.716100_CWEC.zip
6,STE-AGATHE-DES-MONTS,STE-AGATHE-DES-MONTS,QUEBEC,QUÉBEC,CAN_QC_Sainte-Agathe-des-Monts.717200_CWEC.zip
9,CHARLOTTETOWN,CHARLOTTETOWN,PRINCE EDWARD ISLAND,ÎLE-DU-PRINCE-ÉDOUARD,CAN_PE_Charlottetown.AP.717060_CWEC2020.zip
9,EAST POINT,EAST POINT,PRINCE EDWARD ISLAND,ÎLE-DU-PRINCE-ÉDOUARD,CAN_PE_East.Point.AUT.714120_CWEC2020.zip
9,NORTH CAPE,NORTH CAPE,PRINCE EDWARD ISLAND,ÎLE-DU-PRINCE-ÉDOUARD,CAN_PE_North.Cape.719870_CWEC2020.zip
9,SUMMERSIDE,SUMMERSIDE,PRINCE EDWARD ISLAND,ÎLE-DU-PRINCE-ÉDOUARD,CAN_PE_Summerside.717020_CWEC2020.zip
10,BADGER,BADGER,NEWFOUNDLAND AND LABRADOR,TERRE-NEUVE-ET-LABRADOR,CAN_NL_Badger.AUT.714000_CWEC2020.zip
10,BONAVISTA,BONAVISTA,NEWFOUNDLAND AND LABRADOR,TERRE-NEUVE-ET-LABRADOR,CAN_NL_Bonavista.711780_CWEC2020.zip
10,BURGEO,BURGEO,NEWFOUNDLAND AND LABRADOR,TERRE-NEUVE-ET-LABRADOR,CAN_NL_Burgeo.Nl.711520_CWEC2020.zip
10,CARTWRIGHT,CARTWRIGHT,NEWFOUNDLAND AND LABRADOR,TERRE-NEUVE-ET-LABRADOR,CAN_NL_Cartwright.AP.718180_CWEC2020.zip
10,CHURCHILL FALLS,CHURCHILL FALLS,NEWFOUNDLAND AND LABRADOR,TERRE-NEUVE-ET-LABRADOR,CAN_NL_Churchill.Falls.710020_CWEC2020.zip
10,CORNER BROOK,CORNER BROOK,NEWFOUNDLAND AND LABRADOR,TERRE-NEUVE-ET-LABRADOR,CAN_NL_Corner.Brook.719730_CWEC2020.zip
10,DANIELS HARBOUR,DANIELS HARBOUR,NEWFOUNDLAND AND LABRADOR,TERRE-NEUVE-ET-LABRADOR,CAN_NL_Daniels.Harbour.711850_CWEC2020.zip
10,DEER LAKE,DEER LAKE,NEWFOUNDLAND AND LABRADOR,TERRE-NEUVE-ET-LABRADOR,CAN_NL_Deer.Lake.AP.718090_CWEC2020.zip
10,GANDER INTL,GANDER INTL,NEWFOUNDLAND AND LABRADOR,TERRE-NEUVE-ET-LABRADOR,CAN_NL_Gander.Intl.AP.718030_CWEC2020.zip
10,GOOSE,GOOSE,NEWFOUNDLAND AND LABRADOR,TERRE-NEUVE-ET-LABRADOR,CAN_NL_Goose.AP.718160_CWEC2020.zip
10,LA SCIE,LA SCIE,NEWFOUNDLAND AND LABRADOR,TERRE-NEUVE-ET-LABRADOR,CAN_NL_La.Scie.713370_CWEC2020.zip
10,MARY'S HARBOUR,MARY'S HARBOUR,NEWFOUNDLAND AND LABRADOR,TERRE-NEUVE-ET-LABRADOR,CAN_NL_Marys.Harbour.AP.713390_CWEC2020.zip
10,ST-LAWRENCE,ST-LAWRENCE,NEWFOUNDLAND AND LABRADOR,TERRE-NEUVE-ET-LABRADOR,CAN_NL_St.Lawrence.711100_CWEC2020.zip
10,ST-JOHN'S INTL,ST-JOHN'S INTL,NEWFOUNDLAND AND LABRADOR,TERRE-NEUVE-ET-LABRADOR,CAN_NL_St.Johns.Intl.AP.718010_CWEC2020.zip
10,STEPHENVILLE,STEPHENVILLE,NEWFOUNDLAND AND LABRADOR,TERRE-NEUVE-ET-LABRADOR,CAN_NL_Stephenville.AP.718150_CWEC2020.zip
10,TWILLINGATE,TWILLINGATE,NEWFOUNDLAND AND LABRADOR,TERRE-NEUVE-ET-LABRADOR,CAN_NL_Twillingate.AUT.714020_CWEC2020.zip
10,WABUSH,WABUSH,NEWFOUNDLAND AND LABRADOR,TERRE-NEUVE-ET-LABRADOR,CAN_NL_Wabush.AP.718250_CWEC2020.zip
10,WRECKHOUSE,WRECKHOUSE,NEWFOUNDLAND AND LABRADOR,TERRE-NEUVE-ET-LABRADOR,CAN_NL_Wreckhouse.711800_CWEC2020.zip
11,BURWASH,BURWASH,YUKON,YUKON,CAN_YT_Burwash.AP.710010_CWEC2020.zip
11,CARMACKS,CARMACKS,YUKON,YUKON,CAN_YT_Carmacks.CS.710390_CWEC2020.zip
11,DAWSON,DAWSON,YUKON,YUKON,CAN_YT_Dawson.719660_CWEC2020.zip
11,FARO,FARO,YUKON,YUKON,CAN_YT_Faro.AUT.719490_CWEC2020.zip
11,HAINES JUNCTION,HAINES JUNCTION,YUKON,YUKON,CAN_YT_Haines.Junction.715050_CWEC2020.zip
11,HERSCHEL ISLAND,HERSCHEL ISLAND,YUKON,YUKON,CAN_YT_Herschel.Island.715010_CWEC2020.zip
11,IVVAVIK NAT. PARK,IVVAVIK NAT. PARK,YUKON,YUKON,CAN_YT_Ivvavik.Nat.Park.719780_CWEC2020.zip
11,MACMILLAN PASS,MACMILLAN PASS,YUKON,YUKON,CAN_YT_Macmillan.Pass.719900_CWEC2020.zip
11,MAYO,MAYO,YUKON,YUKON,CAN_YT_Mayo.AP.719650_CWEC2020.zip
11,OLD CROW,OLD CROW,YUKON,YUKON,CAN_YT_Old.Crow.RCS.710440_CWEC2020.zip
11,TESLIN,TESLIN,YUKON,YUKON,CAN_YT_Teslin.AUT.710450_CWEC2020.zip
11,WATSON LAKE,WATSON LAKE,YUKON,YUKON,CAN_YT_Watson.Lake.AP.711990_CWEC2020.zip
11,WHITEHORSE,WHITEHORSE,YUKON,YUKON,CAN_YT_Whitehorse.AP.719640_CWEC2020.zip
12,DEADMEN VALLEY,DEADMEN VALLEY,NORTHWEST TERRITORIES,TERRITOIRES DU NORD-OUEST,CAN_NT_Deadmen.Valley.710210_CWEC2020.zip
12,DELINE,DELINE,NORTHWEST TERRITORIES,TERRITOIRES DU NORD-OUEST,CAN_NT_Deline.CS.715030_CWEC2020.zip
12,FORT GOOD HOPE,FORT GOOD HOPE,NORTHWEST TERRITORIES,TERRITOIRES DU NORD-OUEST,CAN_NT_Fort.Good.Hope.CS.714910_CWEC2020.zip
12,FORT LIARD,FORT LIARD,NORTHWEST TERRITORIES,TERRITOIRES DU NORD-OUEST,CAN_NT_Fort.Liard.714970_CWEC2020.zip
12,FORT PROVIDENCE,FORT PROVIDENCE,NORTHWEST TERRITORIES,TERRITOIRES DU NORD-OUEST,CAN_NT_Fort.Providence.710870_CWEC2020.zip
12,FORT RELIANCE,FORT RELIANCE,NORTHWEST TERRITORIES,TERRITOIRES DU NORD-OUEST,CAN_NT_Fort.Reliance.AUT.711600_CWEC2020.zip
12,FORT SIMPSON,FORT SIMPSON,NORTHWEST TERRITORIES,TERRITOIRES DU NORD-OUEST,CAN_NT_Fort.Simpson.AP.719460_CWEC2020.zip
12,FORT SMITH,FORT SMITH,NORTHWEST TERRITORIES,TERRITOIRES DU NORD-OUEST,CAN_NT_Fort.Smith.AP.719340_CWEC2020.zip
12,HAY RIVER,HAY RIVER,NORTHWEST TERRITORIES,TERRITOIRES DU NORD-OUEST,CAN_NT_Hay.River.AP.719350_CWEC2020.zip
12,HOLMAN,HOLMAN,NORTHWEST TERRITORIES,TERRITOIRES DU NORD-OUEST,CAN_NT_Holman.CS.710290_CWEC2020.zip
12,INNER WHALEBACKS,INNER WHALEBACKS,NORTHWEST TERRITORIES,TERRITOIRES DU NORD-OUEST,CAN_NT_Inner.Whalebacks.711620_CWEC2020.zip
12,INUVIK,INUVIK,NORTHWEST TERRITORIES,TERRITOIRES DU NORD-OUEST,CAN_NT_Inuvik.AP.719570_CWEC2020.zip
12,KEATS POINT,KEATS POINT,NORTHWEST TERRITORIES,TERRITOIRES DU NORD-OUEST,CAN_NT_Keats.Point.710580_CWEC2020.zip
12,LAC LA MARTRE,LAC LA MARTRE,NORTHWEST TERRITORIES,TERRITOIRES DU NORD-OUEST,CAN_NT_Lac.La.Martre.711630_CWEC2020.zip
12,LINDBURG LANDING,LINDBURG LANDING,NORTHWEST TERRITORIES,TERRITOIRES DU NORD-OUEST,CAN_NT_Lindburg.Landing.716820_CWEC2020.zip
12,LITTLE CHICAGO,LITTLE CHICAGO,NORTHWEST TERRITORIES,TERRITOIRES DU NORD-OUEST,CAN_NT_Little.Chicago.711640_CWEC2020.zip
12,LIVERPOOL BAY,LIVERPOOL BAY,NORTHWEST TERRITORIES,TERRITOIRES DU NORD-OUEST,CAN_NT_Liverpool.Bay.719600_CWEC2020.zip
12,LOWER CARP LAKE,LOWER CARP LAKE,NORTHWEST TERRITORIES,TERRITOIRES DU NORD-OUEST,CAN_NT_Lower.Carp.Lake.716800_CWEC2020.zip
12,LUTSELK'E,LUTSELK'E,NORTHWEST TERRITORIES,TERRITOIRES DU NORD-OUEST,CAN_NT_Lutselke.CS.715290_CWEC2020.zip
12,MOULD BAY,MOULD BAY,NORTHWEST TERRITORIES,TERRITOIRES DU NORD-OUEST,CAN_NT_Mould.Bay.CS.719890_CWEC2020.zip
12,NORMAN WELLS,NORMAN WELLS,NORTHWEST TERRITORIES,TERRITOIRES DU NORD-OUEST,CAN_NT_Norman.Wells.AP.710430_CWEC2020.zip
12,PAULATUK,PAULATUK,NORTHWEST TERRITORIES,TERRITOIRES DU NORD-OUEST,CAN_NT_Paulatuk.719840_CWEC2020.zip
12,PELLY ISLAND,PELLY ISLAND,NORTHWEST TERRITORIES,TERRITOIRES DU NORD-OUEST,CAN_NT_Pelly.Island.715020_CWEC2020.zip
12,RABBIT KETTLE,RABBIT KETTLE,NORTHWEST TERRITORIES,TERRITOIRES DU NORD-OUEST,CAN_NT_Rabbit.Kettle.719800_CWEC2020.zip
12,SACHS HARBOUR CLIMATE,SACHS HARBOUR CLIMATE,NORTHWEST TERRITORIES,TERRITOIRES DU NORD-OUEST,CAN_NT_Sachs.Harbour.Climate.714670_CWEC2020.zip
12,STORM HILLS,STORM HILLS,NORTHWEST TERRITORIES,TERRITOIRES DU NORD-OUEST,CAN_NT_Storm.Hills.710520_CWEC2020.zip
12,TRAIL VALLEY,TRAIL VALLEY,NORTHWEST TERRITORIES,TERRITOIRES DU NORD-OUEST,CAN_NT_Trail.Valley.716830_CWEC2020.zip
12,TUKTOYAKTUK,TUKTOYAKTUK,NORTHWEST TERRITORIES,TERRITOIRES DU NORD-OUEST,CAN_NT_Tuktoyaktuk.719850_CWEC2020.zip
12,YELLOWKNIFE,YELLOWKNIFE,NORTHWEST TERRITORIES,TERRITOIRES DU NORD-OUEST,CAN_NT_Yellowknife.AP.719360_CWEC2020.zip
12,YOHIN,YOHIN,NORTHWEST TERRITORIES,TERRITOIRES DU NORD-OUEST,CAN_NT_Yohin.710200_CWEC2020.zip
13,ALERT CLIMATE,ALERT CLIMATE,NUNAVUT,NUNAVUT,CAN_NU_Alert.Climate.713550_CWEC2020.zip
13,ARCTIC BAY,ARCTIC BAY,NUNAVUT,NUNAVUT,CAN_NU_Arctic.Bay.CS.715920_CWEC2020.zip
13,ARVIAT CLIMATE,ARVIAT CLIMATE,NUNAVUT,NUNAVUT,CAN_NU_Arviat.Climate.713220_CWEC2020.zip
13,BAKER LAKE,BAKER LAKE,NUNAVUT,NUNAVUT,CAN_NU_Baker.Lake.AP.719260_CWEC2020.zip
13,BREVOORT ISLAND,BREVOORT ISLAND,NUNAVUT,NUNAVUT,CAN_NU_Brevoort.Island.710970_CWEC2020.zip
13,BROUGHTON ISLAND,BROUGHTON ISLAND,NUNAVUT,NUNAVUT,CAN_NU_Broughton.Island.710960_CWEC2020.zip
13,CAMBRIDGE BAY,CAMBRIDGE BAY,NUNAVUT,NUNAVUT,CAN_NU_Cambridge.Bay.AP.719250_CWEC2020.zip
13,CAPE DORSET CLIMATE,CAPE DORSET CLIMATE,NUNAVUT,NUNAVUT,CAN_NU_Cape.Dorset.Climate.715750_CWEC2020.zip
13,CAPE DYER,CAPE DYER,NUNAVUT,NUNAVUT,CAN_NU_Cape.Dyer.710940_CWEC2020.zip
13,CAPE HOOPER,CAPE HOOPER,NUNAVUT,NUNAVUT,CAN_NU_Cape.Hooper.710930_CWEC2020.zip
13,CAPE MERCY,CAPE MERCY,NUNAVUT,NUNAVUT,CAN_NU_Cape.Mercy.719750_CWEC2020.zip
13,CLYDE RIVER CLIMATE,CLYDE RIVER CLIMATE,NUNAVUT,NUNAVUT,CAN_NU_Clyde.River.Climate.713580_CWEC2020.zip
13,CORAL HARBOUR,CORAL HARBOUR,NUNAVUT,NUNAVUT,CAN_NU_Coral.Harbour.AP.719150_CWEC2020.zip
13,DEWAR LAKES,DEWAR LAKES,NUNAVUT,NUNAVUT,CAN_NU_Dewar.Lakes.710920_CWEC2020.zip
13,ENNADAI LAKE,ENNADAI LAKE,NUNAVUT,NUNAVUT,CAN_NU_Ennadai.Lake.AUT.719230_CWEC2020.zip
13,EUREKA,EUREKA,NUNAVUT,NUNAVUT,CAN_NU_Eureka.AP.719170_CWEC2020.zip
13,GJOA HAVEN CLIMATE,GJOA HAVEN CLIMATE,NUNAVUT,NUNAVUT,CAN_NU_Gjoa.Haven.Climate.713630_CWEC2020.zip
13,HALL BEACH,HALL BEACH,NUNAVUT,NUNAVUT,CAN_NU_Hall.Beach.AP.712930_CWEC2020.zip
13,HAT ISLAND,HAT ISLAND,NUNAVUT,NUNAVUT,CAN_NU_Hat.Island.710840_CWEC2020.zip
13,IQALUIT,IQALUIT,NUNAVUT,NUNAVUT,CAN_NU_Iqaluit.AP.719090_CWEC2020.zip
13,ISACHSEN,ISACHSEN,NUNAVUT,NUNAVUT,CAN_NU_Isachsen.AUT.710740_CWEC2020.zip
13,KUGAARUK CLIMATE,KUGAARUK CLIMATE,NUNAVUT,NUNAVUT,CAN_NU_Kugaaruk.Climate.714070_CWEC2020.zip
13,KUGLUKTUK,KUGLUKTUK,NUNAVUT,NUNAVUT,CAN_NU_Kugluktuk.AP.719380_CWEC2020.zip
13,LONGSTAFF BLUFF,LONGSTAFF BLUFF,NUNAVUT,NUNAVUT,CAN_NU_Longstaff.Bluff.710910_CWEC2020.zip
13,LUPIN,LUPIN,NUNAVUT,NUNAVUT,CAN_NU_Lupin.CS.714700_CWEC2020.zip
13,PANGNIRTUNG,PANGNIRTUNG,NUNAVUT,NUNAVUT,CAN_NU_Pangnirtung.AP.718260_CWEC2020.zip
13,POND INLET,POND INLET,NUNAVUT,NUNAVUT,CAN_NU_Pond.Inlet.AP.710950_CWEC2020.zip
13,QIKIQTARJUAQ CLIMATE,QIKIQTARJUAQ CLIMATE,NUNAVUT,NUNAVUT,CAN_NU_Qikiqtarjuaq.Climate.713570_CWEC2020.zip
13,RANKIN INLET,RANKIN INLET,NUNAVUT,NUNAVUT,CAN_NU_Rankin.Inlet.AP.710830_CWEC2020.zip
13,REA POINT,REA POINT,NUNAVUT,NUNAVUT,CAN_NU_Rea.Point.719830_CWEC2020.zip
13,RESOLUTE BAY,RESOLUTE BAY,NUNAVUT,NUNAVUT,CAN_NU_Resolute.Bay.AP.719240_CWEC2020.zip
13,RESOLUTION ISLAND,RESOLUTION ISLAND,NUNAVUT,NUNAVUT,CAN_NU_Resolution.Island.719720_CWEC2020.zip
13,ROWLEY ISLAND,ROWLEY ISLAND,NUNAVUT,NUNAVUT,CAN_NU_Rowley.Island.710880_CWEC2020.zip
13,SHEPHERD BAY,SHEPHERD BAY,NUNAVUT,NUNAVUT,CAN_NU_Shepherd.Bay.AP.719110_CWEC2020.zip
13,TALOYOAK,TALOYOAK,NUNAVUT,NUNAVUT,CAN_NU_Taloyoak.AP.715800_CWEC2020.zip